"Business","Address","Category","Detected website","Detected logo","Website issue","Logo issue","Domain hint","Google place","Phone"
"Next Level Thrift Store","1045 19 Av Se","shop","","","Missing website","Missing logo","","https://maps.google.com/?cid=18187693091716993344","+1 587-575-3533"
"Vigi's Hair","1044 19 Av Se","services","","","Missing website","Missing logo","","https://maps.google.com/?cid=1564954646931693488","+1 403-233-2298"
"Sweet Treats Co.","1109 9 Av Se","restaurant","","","Missing website","Missing logo","","https://maps.google.com/?cid=10439145535771230887","+1 403-452-3675"
"Next Page (The)","1217A 9 Av Se","restaurant","http://nextpageyyc.ca/","","","Missing logo","nextpageyyc.ca","https://maps.google.com/?cid=4128811413711861723","+1 403-452-6550"
"Oxgust Studio","915 9 Av Se","services","https://wornstudioyyc.com/","","","Missing logo","wornstudioyyc.com","https://maps.google.com/?cid=7211529304673399898",""
"Lily By Lyla","1221 9 Av Se","shop","https://www.lilybylap.com/","","","Missing logo","lilybylap.com","https://maps.google.com/?cid=13492906499174876247","+1 403-276-1557"
"Master Of None Studios","915 9 Av Se","services","https://book.squareup.com/appointments/s22lxnznimb1m5/location/LE6S6TWW7DD4M/services","","","Missing logo","book.squareup.com","https://maps.google.com/?cid=10212626252914959793",""
"Madison's 12|12","1212 9 Av Se","restaurant","","","Missing website","Missing logo","","",""
"Adorn Boutique","1216A 9 Av Se","shop","http://www.adornboutique.ca/","","","Missing logo","adornboutique.ca","https://maps.google.com/?cid=4430401015845333764","+1 403-261-9919"
"Stash","1237 9 Av Se","shop","http://www.stashlounge.com/","","","Missing logo","stashlounge.com","https://maps.google.com/?cid=12899524198712819853","+1 403-457-0766"
"Dragon Pearl","1223A 9 Av Se","restaurant","https://www.dragonpearl.ca/","","","Missing logo","dragonpearl.ca","https://maps.google.com/?cid=2252463275370877670","+1 403-233-8810"
"Bussin","1121 9 Av Se","restaurant","http://bussin.ca/","","","Missing logo","bussin.ca","https://maps.google.com/?cid=13837535106429991342","+1 403-689-1200"
"Marshall Drugs","1231 9 Av Se","restaurant","http://www.marshalldrugs.com/","","","Missing logo","marshalldrugs.com","https://maps.google.com/?cid=10697313938025906377","+1 403-265-5766"
"Limitless Calgary","1015 9 Av Se","shop","https://limitless-calgary.com/","","","Missing logo","limitless-calgary.com","https://maps.google.com/?cid=12699258197287077956","+1 403-800-0780"
"Ari Sushi","1201 9 Av Se","restaurant","http://arisushi.ca/","","","Missing logo","arisushi.ca","https://maps.google.com/?cid=14895633202835278321","+1 403-262-2220"
"Purr","1227 9 Av Se","shop","http://purrclothing.ca/","","","Missing logo","purrclothing.ca","https://maps.google.com/?cid=11469129512695832040","+1 403-266-7587"
"Worn Studio","915 9 Av Se","services","https://wornstudioyyc.com/","","","Missing logo","wornstudioyyc.com","https://maps.google.com/?cid=7211529304673399898",""
"Marshall's Rx Centre","#214 1231 9 Av Se","shop","http://www.marshalldrugs.com/","","","Missing logo","marshalldrugs.com","https://maps.google.com/?cid=10697313938025906377","+1 403-265-5766"
"Onyx & Ivory Salon","#116 1020 9 Av Se","services","http://www.onyxandivory.ca/","","","Missing logo","onyxandivory.ca","https://maps.google.com/?cid=4069053726582603860","+1 587-899-6639"
"Patisseries Louise","1002 9 Av Se","restaurant","https://patisserieslouise.com/","","","Missing logo","patisserieslouise.com","https://maps.google.com/?cid=1701941273473582220","+1 368-886-6109"
"Artesano Galleria","#B 1215 9 Av Se","gallery","https://artesanogalleria.com/","","","Missing logo","artesanogalleria.com","https://maps.google.com/?cid=9972997356850693830","+1 403-266-8092"
"Be Brave","1018 9 Av Se","shop","https://bebraveukrainian.ca/","","","Missing logo","bebraveukrainian.ca","https://maps.google.com/?cid=7851659795029241859","+1 587-879-3010"
"Bored Brewing Company (The)","#200 1212 9 Av Se","bar","https://boredbrewing.xyz/","","","Missing logo","boredbrewing.xyz","https://maps.google.com/?cid=7974679351068916268","+1 587-997-8759"
"Inglewood Oak & Vine","1139 9 Av Se","shop","http://www.oakandvine.ca/","","","Missing logo","oakandvine.ca","https://maps.google.com/?cid=13594511202357661438","+1 403-455-6333"
"Cober West","#200 1601 9 Av Se","shop","","","Missing website","Missing logo","","",""
"West Canadian Digital Imaging","1601 9 Av Se","shop","","","Missing website","Missing logo","","",""
"Jfit + Restore","#3 1922 9 Av Se","services","http://jfitrestore.ca/","","","Missing logo","jfitrestore.ca","https://maps.google.com/?cid=12963511186066794516","+1 403-923-3233"
"Hd Motors","1817 9 Av Se","shop","","","Missing website","Missing logo","","https://maps.google.com/?cid=5484936085353679459","+1 403-263-3412"
"11-Eleven Liquor","1402 9 Av Se","shop","","","Missing website","Missing logo","","https://maps.google.com/?cid=14211884759602130045","+1 403-453-8611"
"Delicious From Colombia","1314B 9 Av Se","restaurant","","","Missing website","Missing logo","","https://maps.google.com/?cid=7551453350693931086","+1 403-764-4000"
"Theycallme.V","1530 9 Av Se","services","","","Missing website","Missing logo","","",""
"Minh Chau Vietnamese Restaurant","1318 9 Av Se","restaurant","","","Missing website","Missing logo","","https://maps.google.com/?cid=1668817392801615965","+1 403-265-2073"
"Twitchin Threadz & Company","#2 1335 9 Av Se","shop","http://twitchinthreadz.com/","","","Missing logo","twitchinthreadz.com","https://maps.google.com/?cid=13907491323163335383","+1 403-870-6659"
"Tupi Acai Bowls","1414 9 Av Se","restaurant","https://www.tupibowls.ca/","","","Missing logo","tupibowls.ca","https://maps.google.com/?cid=2964827774229502522","+1 587-407-0163"
"Kultura Massage Wellness","1528 9 Av Se","services","https://kulturamassage.com/","","","Missing logo","kulturamassage.com","https://maps.google.com/?cid=5261710316127923407","+1 403-477-7605"
"Wild Soul Body Sugaring","#109E 1526 9 Av Se","services","http://wildsoulbodysugaring.ca/","","","Missing logo","wildsoulbodysugaring.ca","https://maps.google.com/?cid=5008188767525514434","+1 403-282-2122"
"Nova Skin & Wellness","1412 9 Av Se","services","https://www.novaskinyyc.ca/","","","Missing logo","novaskinyyc.ca","https://maps.google.com/?cid=46167179402518096","+1 825-395-5282"
"Purple Lotus Massage","1530 9 Av Se","services","https://purplelotusmassageyyc.clinicsense.com/","","","Missing logo","purplelotusmassageyyc.clinicsense.com","https://maps.google.com/?cid=11579549139156354094","+1 403-971-6971"
"Not Another Eye Store","1321 9 Av Se","shop","https://notanothereyestore.ca/","","","Missing logo","notanothereyestore.ca","https://maps.google.com/?cid=16647819104106091831","+1 403-454-3936"
"Calgary Local Florist","1428 9 Av Se","restaurant","https://www.calgarylocalflorist.ca/","","","Missing logo","calgarylocalflorist.ca","https://maps.google.com/?cid=13145991990698229945","+1 403-202-8555"
"Tea Cult (The)","#23 1420 9 Av Se","restaurant","https://theteacult.ca/","","","Missing logo","theteacult.ca","https://maps.google.com/?cid=9774335732145287001","+1 403-607-6460"
"Change Is Good Cdc","1317 9 Av Se","shop","http://www.changeisgoodyyc.com/","","","Missing logo","changeisgoodyyc.com","https://maps.google.com/?cid=12928455054822386910",""
"Imagine Vintage Wear","1325 9 Av Se","shop","","","Missing website","Missing logo","","https://maps.google.com/?cid=7181901571003474222","+1 403-262-8708"
"Recess","1333 9 Av Se","shop","http://recessshop.ca/","","","Missing logo","recessshop.ca","https://maps.google.com/?cid=4911898817657023780","+1 587-433-4226"
"Ami Tea Sub","1357 9 Av Se","cafe","https://order.amitea.ca/","","","Missing logo","order.amitea.ca","https://maps.google.com/?cid=6413774799642916446","+1 403-219-8866"
"Lyndsey Haley Massage Therapy","1530 9 Av Se","services","https://lyndseyhaleyrmt.janeapp.com/","","","Missing logo","lyndseyhaleyrmt.janeapp.com","https://maps.google.com/?cid=4170968581659044297",""
"Supervariety","1327A 9 Av Se","restaurant","","","Missing website","Missing logo","","",""
"Sakura Eyelash Salon","1420 9 Av Se","services","https://sakura-lashyyc.my.canva.site/","","","Missing logo","sakura-lashyyc.my.canva.site","https://maps.google.com/?cid=7383638517422865389","+1 587-287-7937"
"Neo Vape","#1 1336 9 Av Se","shop","","","Missing website","Missing logo","","https://maps.google.com/?cid=9132509881666148271","+1 403-764-2183"
"Blue Store (The)","1344 9 Av Se","restaurant","","","Missing website","Missing logo","","https://maps.google.com/?cid=17404485754566699674","+1 403-452-4934"
"Tibetan Trom","1325A 9 Av Se","shop","https://tibetantrom.com/","","","Missing logo","tibetantrom.com","https://maps.google.com/?cid=253348137076731856","+1 403-615-5530"
"Sacred Horizons Massage","1528 9 Av Se","services","https://sacredhorizons.ca/","","","Missing logo","sacredhorizons.ca","https://maps.google.com/?cid=7634304346229542159","+1 403-707-3680"
"Dirty Duck","1336 9 Av Se","bar","http://www.dirtyduckpub.ca/","","","Missing logo","dirtyduckpub.ca","https://maps.google.com/?cid=12462904510513823953","+1 403-233-7574"
"Norley's Colombian Street Food","1314B 9 Av Se","restaurant","","","Missing website","Missing logo","","https://maps.google.com/?cid=7551453350693931086","+1 403-764-4000"
"Lashgirlsu","1528 9 Av Se","services","","","Missing website","Missing logo","","",""
